TradeID,Ticker,Direction,Secteur,Region,EntryPrice,CurrentPrice,PnL_EUR,PnL_PCT,StopLoss,TakeProfit,RR,NbShares,PositionValue,DistToStop_PCT,DistToTarget_PCT,DaysHeld,DaysRemaining,Score,Conviction,EntryDate,ExportDate
85640143,AAPL,SHORT,tech,USA,287.48,333.6199951171875,-5721.36,-16.05,301.86,265.92,-21560000000.0,124,41368.88,9.52,-20.29,116,28,0.5,7,2026-06-11,2026-10-05 18:57
43528742,COP,SHORT,energy,USA,109.75,128.0,-12118.0,-16.63,115.24,101.52,-8230000000.0,664,84992.0,9.97,-20.69,96,28,0.5,7,2026-07-01,2026-10-05 18:57
79527953,TTE,SHORT,energy,USA,90.49,84.0,3322.88,7.17,95.02,83.7,-6790000000.0,512,43008.0,-13.12,-0.36,95,28,0.5,7,2026-07-02,2026-10-05 18:57
38210765,EOG,SHORT,energy,USA,132.19,144.0500030517578,-4696.56,-8.97,138.8,122.27,-9920000000.0,396,57043.8,3.64,-15.12,95,28,0.5,7,2026-07-02,2026-10-05 18:57
60051743,AEP,SHORT,utilities,USA,129.42,120.36000061035156,4928.64,7.0,135.89,119.72,-9700000000.0,544,65475.84,-12.9,-0.53,95,28,0.5,7,2026-07-02,2026-10-05 18:57
18461904,MRK,SHORT,pharma,USA,112.07,139.82000732421875,-14346.75,-24.76,117.67,103.66,-8410000000.0,517,72286.94,15.84,-25.86,91,28,0.5,7,2026-07-06,2026-10-05 18:57
82123709,NVDA,SHORT,tech,USA,216.77,239.3249969482422,-5683.86,-10.41,227.6,200.51,-16260000000.0,252,60309.9,4.9,-16.22,91,28,0.5,7,2026-07-06,2026-10-05 18:57
81951670,CSCO,SHORT,tech,USA,118.49,113.06999969482422,4162.56,4.57,124.41,109.6,-8890000000.0,768,86837.76,-10.03,-3.07,91,28,0.5,7,2026-07-06,2026-10-05 18:57
78812934,ROST,SHORT,retail,USA,226.94,225.44500732421875,592.02,0.66,238.29,209.92,-17020000000.0,396,89276.22,-5.7,-6.89,91,28,0.5,7,2026-07-06,2026-10-05 18:57
